Month,Visitors
01-01-2018,1000
01-02-2018,1200
01-03-2018,1500
01-04-2018,1300
01-05-2018,1400
01-06-2018,1700
01-07-2018,1900
01-08-2018,2100
01-09-2018,2000
01-10-2018,2500
01-11-2018,2700
01-12-2018,2900
01-01-2019,3100
01-02-2019,3200
01-03-2019,3300
01-04-2019,3400
01-05-2019,3600
01-06-2019,3700
01-07-2019,3900
01-08-2019,4100
01-09-2019,4200
01-10-2019,4500
01-11-2019,4700
01-12-2019,4900
01-01-2020,5100
01-02-2020,5300
01-03-2020,5500
01-04-2020,5700
01-05-2020,5900
01-06-2020,6100
01-07-2020,6300
01-08-2020,6500
01-09-2020,6700
01-10-2020,6900
01-11-2020,7100
01-12-2020,7300
01-01-2021,7500
01-02-2021,7700
01-03-2021,7900
01-04-2021,8100
01-05-2021,8300
01-06-2021,8500
01-07-2021,8700
01-08-2021,8900
01-09-2021,9100
01-10-2021,9300
01-11-2021,9500
01-12-2021,9700
01-01-2022,9900
01-02-2022,10100
01-03-2022,10300
01-04-2022,10500
01-05-2022,10700
